,tenure,events_purchased,frequency_opponent,EventDay_Avg,EventTime_Avg,distanceToVenue,Score1_Avg
count,165981.0,165981.0,165981.0,165981.0,165981.0,165981.0,165981.0
mean,1252.1226508595507,1.3971659406799573,0.06038352423730342,0.2929012657458375,0.9597928668082956,156.946517733943,0.8438681962523975
std,198.3854198683572,0.9129876079126533,0.10643649291701092,0.20297547784872416,0.07070466079054422,386.752185910889,0.07635857698820579
min,537.0,1.0,0.0,0.0,0.5,0.0,0.6001
25%,1079.125,1.0,0.0,0.1,0.9,8.13,0.8012
50%,1159.2222222222224,1.0,0.0,0.3125,1.0,25.73,0.8604375
75%,1442.125,1.0,0.1111111111111111,0.5,1.0,75.59,0.9000250000000001
max,1778.0,15.0,0.6666666666666666,0.8333333333333334,1.0,3196.33,0.96428125
